{"cameraMode":{"drawMode":0,"name":"Shaded","section":"Shading Mode"},"sceneLighting":false,"audioPlay":false,"sceneViewState":{"m_AlwaysRefresh":false,"showFog":true,"showSkybox":false,"showFlares":true,"showImageEffects":true,"showParticleSystems":true,"showVisualEffectGraphs":true,"m_FxEnabled":true},"in2DMode":false,"pivot":{"x":0.002451300621032715,"y":-0.6670000553131104,"z":-0.05988764762878418},"rotation":{"x":0.0029991285409778358,"y":-0.02399754710495472,"z":0.00007199486572062597,"w":0.9997076988220215},"size":2.0092649459838869,"orthographic":true}