{"cameraMode":{"drawMode":0,"name":"Shaded","section":"Shading Mode"},"sceneLighting":true,"audioPlay":false,"sceneViewState":{"showFog":true,"showMaterialUpdate":false,"showSkybox":true,"showFlares":true,"showImageEffects":true,"showParticleSystems":true},"in2DMode":false,"pivot":{"x":8.007604598999024,"y":8.872857093811036,"z":3.9560089111328127},"rotation":{"x":0.31062814593315127,"y":0.01568283513188362,"z":-0.005125829484313726,"w":0.9503884315490723},"size":5.961838722229004,"orthographic":false}