{"cameraMode":{"drawMode":0,"name":"Shaded","section":"Shading Mode"},"sceneLighting":false,"audioPlay":false,"sceneViewState":{"m_AlwaysRefresh":false,"showFog":true,"showSkybox":false,"showFlares":true,"showImageEffects":true,"showParticleSystems":true,"showVisualEffectGraphs":true,"m_FxEnabled":true},"in2DMode":false,"pivot":{"x":0.30823516845703127,"y":0.9516090154647827,"z":0.04189443588256836},"rotation":{"x":-0.011310790665447712,"y":-0.33393430709838869,"z":-0.004007409326732159,"w":0.9425203204154968},"size":1.7468223571777344,"orthographic":true}